Available,Price,Address,Link
Now,$490,"268a Pine Valley Road, Dairy Flat, Rodney",https://www.trademe.co.nz/a/property/residential/rent/auckland/rodney/dairy-flat/listing/3836306041?rsqid=0949aecea408407f86a60653fac77174-001
Now,$490,"3/9 Wilks Road, Dairy Flat, Rodney",https://www.trademe.co.nz/a/property/residential/rent/auckland/rodney/dairy-flat/listing/3844098917?rsqid=0949aecea408407f86a60653fac77174-001
Now,$530," Wilks Road, Dairy Flat, Rodney",https://www.trademe.co.nz/a/property/residential/rent/auckland/rodney/dairy-flat/listing/3618169396?rsqid=0949aecea408407f86a60653fac77174-001
Now,$490,"210A Lake Road, Northcote, North Shore City",https://www.trademe.co.nz/a/property/residential/rent/auckland/north-shore-city/northcote/listing/3860014233?rsqid=9f86cc92a21743c680f5f16f23446705-001
"Thu, 15 Dec",$520,"8/54 Carolina Place, Albany, North Shore City",https://www.trademe.co.nz/a/property/residential/rent/auckland/north-shore-city/albany/listing/3853074645?rsqid=9f86cc92a21743c680f5f16f23446705-001
Now,$510,"Murrays Bay, North Shore City",https://www.trademe.co.nz/a/property/residential/rent/auckland/north-shore-city/murrays-bay/listing/3852393545?rsqid=9f86cc92a21743c680f5f16f23446705-001
Now,$530,"Northcote, North Shore City",https://www.trademe.co.nz/a/property/residential/rent/auckland/north-shore-city/northcote/listing/3852229543?rsqid=9f86cc92a21743c680f5f16f23446705-001
"Mon, 21 Nov",$450,"13A Peter Terrace, Castor Bay, North Shore City",https://www.trademe.co.nz/a/property/residential/rent/auckland/north-shore-city/castor-bay/listing/3843084003?rsqid=9f86cc92a21743c680f5f16f23446705-001
"Mon, 5 Dec",$550,"10 Quebec Rd, Milford, North Shore City",https://www.trademe.co.nz/a/property/residential/rent/auckland/north-shore-city/milford/listing/3853519582?rsqid=9f86cc92a21743c680f5f16f23446705-001
"Fri, 25 Nov",$500,"1D Park Ave, Birkenhead, North Shore City",https://www.trademe.co.nz/a/property/residential/rent/auckland/north-shore-city/birkenhead/listing/3841194992?rsqid=9f86cc92a21743c680f5f16f23446705-001
Now,$515,"3/53 The Avenue, Albany, North Shore City",https://www.trademe.co.nz/a/property/residential/rent/auckland/north-shore-city/albany/listing/3837876352?rsqid=9f86cc92a21743c680f5f16f23446705-001
"Sun, 4 Dec",$490,"5/221-223 Dairy Flat H'way 17, Albany, North Shore City",https://www.trademe.co.nz/a/property/residential/rent/auckland/north-shore-city/albany/listing/3837183632?rsqid=9f86cc92a21743c680f5f16f23446705-001
Now,$480,"34B Cheval Drive, Glenfield, North Shore City",https://www.trademe.co.nz/a/property/residential/rent/auckland/north-shore-city/glenfield/listing/3836836507?rsqid=9f86cc92a21743c680f5f16f23446705-001
Now,$480,"21a Wye Oak Drive, Albany, North Shore City",https://www.trademe.co.nz/a/property/residential/rent/auckland/north-shore-city/albany/listing/3833477570?rsqid=9f86cc92a21743c680f5f16f23446705-001
Now,$550,"260A Wairau Road, Glenfield, North Shore City",https://www.trademe.co.nz/a/property/residential/rent/auckland/north-shore-city/glenfield/listing/3828949377?rsqid=9f86cc92a21743c680f5f16f23446705-001
Now,$500,"30 Kewa Road, Albany, North Shore City",https://www.trademe.co.nz/a/property/residential/rent/auckland/north-shore-city/albany/listing/3824841294?rsqid=9f86cc92a21743c680f5f16f23446705-001
"Fri, 18 Nov",$500,"28B Diana Drive, Glenfield, North Shore City",https://www.trademe.co.nz/a/property/residential/rent/auckland/north-shore-city/glenfield/listing/3824790249?rsqid=9f86cc92a21743c680f5f16f23446705-001
Now,$550,"Flat/10 Westwell Road, Belmont, North Shore City",https://www.trademe.co.nz/a/property/residential/rent/auckland/north-shore-city/belmont/listing/3824273923?rsqid=9f86cc92a21743c680f5f16f23446705-001
Now,$530,"2/17 Scarboro Terrace, Murrays Bay, North Shore City",https://www.trademe.co.nz/a/property/residential/rent/auckland/north-shore-city/murrays-bay/listing/3820082851?rsqid=9f86cc92a21743c680f5f16f23446705-001
Now,$530,"2/17 Scarboro Terrace, Murrays Bay, North Shore City",https://www.trademe.co.nz/a/property/residential/rent/auckland/north-shore-city/murrays-bay/listing/3820080978?rsqid=9f86cc92a21743c680f5f16f23446705-001
Now,$520,"1/31 Park Hill Rd, Birkenhead, North Shore City",https://www.trademe.co.nz/a/property/residential/rent/auckland/north-shore-city/birkenhead/listing/3815364647?rsqid=9f86cc92a21743c680f5f16f23446705-001
Now,$490,"3/104 Sylvan Ave, Northcote, North Shore City",https://www.trademe.co.nz/a/property/residential/rent/auckland/north-shore-city/northcote/listing/3809368287?rsqid=9f86cc92a21743c680f5f16f23446705-001
Now,$545,"A2/71 Spencer Road, Albany, North Shore City",https://www.trademe.co.nz/a/property/residential/rent/auckland/north-shore-city/albany/listing/3810922538?rsqid=9f86cc92a21743c680f5f16f23446705-001
Now,$550,"2/42 Richards Ave, Forrest Hill, North Shore City",https://www.trademe.co.nz/a/property/residential/rent/auckland/north-shore-city/forrest-hill/listing/3805174096?rsqid=9f86cc92a21743c680f5f16f23446705-001
Now,$540,"1/42 Richards Ave, Forrest Hill, North Shore City",https://www.trademe.co.nz/a/property/residential/rent/auckland/north-shore-city/forrest-hill/listing/3805169138?rsqid=9f86cc92a21743c680f5f16f23446705-001
"Sat, 19 Nov",$530,"6A Glenlea Place, Flat Bush, Manukau City",https://www.trademe.co.nz/a/property/residential/rent/auckland/manukau-city/flat-bush/listing/3855189332?rsqid=160acf888e374a50a673a238f8bef3cd-001
"Sat, 3 Dec",$540,"36 Hangahai , Flat Bush, Manukau City",https://www.trademe.co.nz/a/property/residential/rent/auckland/manukau-city/flat-bush/listing/3860020211?rsqid=160acf888e374a50a673a238f8bef3cd-001
"Wed, 23 Nov",$550," Horsefields drive, flatbush , Flat Bush, Manukau City",https://www.trademe.co.nz/a/property/residential/rent/auckland/manukau-city/flat-bush/listing/3848881974?rsqid=160acf888e374a50a673a238f8bef3cd-001
"Sat, 10 Dec",$470,"7 Wallen Road, Flat Bush, Manukau City",https://www.trademe.co.nz/a/property/residential/rent/auckland/manukau-city/flat-bush/listing/3847986772?rsqid=160acf888e374a50a673a238f8bef3cd-001
"Fri, 2 Dec",$500,"1/33 Grassways Avenue, Pakuranga, Manukau City",https://www.trademe.co.nz/a/property/residential/rent/auckland/manukau-city/pakuranga/listing/3847894871?rsqid=160acf888e374a50a673a238f8bef3cd-001
"Thu, 17 Nov",$550,"14 Kilcadden Drive, Flat Bush, Manukau City",https://www.trademe.co.nz/a/property/residential/rent/auckland/manukau-city/flat-bush/listing/3837237641?rsqid=160acf888e374a50a673a238f8bef3cd-001
"Tue, 22 Nov",$520,"17 Castlebane Drive, Flat Bush, Manukau City",https://www.trademe.co.nz/a/property/residential/rent/auckland/manukau-city/flat-bush/listing/3835550872?rsqid=160acf888e374a50a673a238f8bef3cd-001
Now,$530,"16 Black Shed Road, Flat Bush, Manukau City",https://www.trademe.co.nz/a/property/residential/rent/auckland/manukau-city/flat-bush/listing/3856829714?rsqid=160acf888e374a50a673a238f8bef3cd-001
"Sat, 19 Nov",$550,"55A Mirrabooka Ave, Botany Downs, Manukau City",https://www.trademe.co.nz/a/property/residential/rent/auckland/manukau-city/botany-downs/listing/3821473466?rsqid=160acf888e374a50a673a238f8bef3cd-001
Now,$450,"33 Gracechurch Drive, Flat Bush, Manukau City",https://www.trademe.co.nz/a/property/residential/rent/auckland/manukau-city/flat-bush/listing/3815802333?rsqid=160acf888e374a50a673a238f8bef3cd-001
Now,$510,"GrannyFlat/273 Flat Bush School Road, Flat Bush, Manukau City",https://www.trademe.co.nz/a/property/residential/rent/auckland/manukau-city/flat-bush/listing/3810834681?rsqid=160acf888e374a50a673a238f8bef3cd-001
Now,$500,"89 Tir Conaill Avenue, Flat Bush, Manukau City",https://www.trademe.co.nz/a/property/residential/rent/auckland/manukau-city/flat-bush/listing/3810073977?rsqid=160acf888e374a50a673a238f8bef3cd-001
Now,$535,"2/43 Dale Crescent, Pakuranga, Manukau City",https://www.trademe.co.nz/a/property/residential/rent/auckland/manukau-city/pakuranga/listing/3809660340?rsqid=160acf888e374a50a673a238f8bef3cd-001
Now,$490,"7 Minaret Drive, Bucklands Beach, Manukau City",https://www.trademe.co.nz/a/property/residential/rent/auckland/manukau-city/bucklands-beach/listing/3801699823?rsqid=160acf888e374a50a673a238f8bef3cd-001
Now,$520,"6 Lisnoble Road, Flat Bush, Manukau City",https://www.trademe.co.nz/a/property/residential/rent/auckland/manukau-city/flat-bush/listing/3788566437?rsqid=160acf888e374a50a673a238f8bef3cd-001
Now,$520,"5c Kerswill Place, Pakuranga, Manukau City",https://www.trademe.co.nz/a/property/residential/rent/auckland/manukau-city/pakuranga/listing/3713373516?rsqid=160acf888e374a50a673a238f8bef3cd-001
"Sun, 4 Dec",$550,"2/9 Wells Road, Bucklands Beach, Manukau City",https://www.trademe.co.nz/a/property/residential/rent/auckland/manukau-city/bucklands-beach/listing/3858660470?rsqid=160acf888e374a50a673a238f8bef3cd-001
"Mon, 28 Nov",$550,"110 Pakuranga Road, Pakuranga, Manukau City",https://www.trademe.co.nz/a/property/residential/rent/auckland/manukau-city/pakuranga/listing/3853264533?rsqid=160acf888e374a50a673a238f8bef3cd-001
Now,$510,"2/65 Moore St, Howick, Manukau City",https://www.trademe.co.nz/a/property/residential/rent/auckland/manukau-city/howick/listing/3852098429?rsqid=160acf888e374a50a673a238f8bef3cd-001
Now,$525,"2/13 Latham Avenue, Pakuranga, Manukau City",https://www.trademe.co.nz/a/property/residential/rent/auckland/manukau-city/pakuranga/listing/3847695486?rsqid=160acf888e374a50a673a238f8bef3cd-001
"Tue, 29 Nov",$550,"43 Tiraumea Drive, Pakuranga, Manukau City",https://www.trademe.co.nz/a/property/residential/rent/auckland/manukau-city/pakuranga/listing/3844483449?rsqid=160acf888e374a50a673a238f8bef3cd-001
"Sat, 26 Nov",$420,"86A Gosford Drive, Botany Downs, Manukau City",https://www.trademe.co.nz/a/property/residential/rent/auckland/manukau-city/botany-downs/listing/3844114601?rsqid=160acf888e374a50a673a238f8bef3cd-001
Now,$500,"5/14 Innisfree Drive, Ellerslie, Auckland City",https://www.trademe.co.nz/a/property/residential/rent/auckland/auckland-city/ellerslie/listing/3860045221?rsqid=8522717292e449958364c9cc214ccb37-001
"Sun, 11 Dec",$480,"1/26 Rogan Street, Mount Roskill, Auckland City",https://www.trademe.co.nz/a/property/residential/rent/auckland/auckland-city/mount-roskill/listing/3858138342?rsqid=8522717292e449958364c9cc214ccb37-001
"Tue, 6 Dec",$540,"C412/176 Broadway, Newmarket, Auckland City",https://www.trademe.co.nz/a/property/residential/rent/auckland/auckland-city/newmarket/listing/3856906898?rsqid=8522717292e449958364c9cc214ccb37-001
"Fri, 9 Dec",$480,"6/17A Esplanade Road, Mount Eden, Auckland City",https://www.trademe.co.nz/a/property/residential/rent/auckland/auckland-city/mount-eden/listing/3856591819?rsqid=8522717292e449958364c9cc214ccb37-001
"Mon, 19 Dec",$550,"7/28 Coronation Road, Epsom, Auckland City",https://www.trademe.co.nz/a/property/residential/rent/auckland/auckland-city/epsom/listing/3856531593?rsqid=8522717292e449958364c9cc214ccb37-001
"Sat, 10 Dec",$450,"4/1216 New North Road, Mount Albert, Auckland City",https://www.trademe.co.nz/a/property/residential/rent/auckland/auckland-city/mount-albert/listing/3855152588?rsqid=8522717292e449958364c9cc214ccb37-001
Now,$510,"12/8 Shackleton Rd, Mount Eden, Auckland City",https://www.trademe.co.nz/a/property/residential/rent/auckland/auckland-city/mount-eden/listing/3854842927?rsqid=8522717292e449958364c9cc214ccb37-001
"Thu, 1 Dec",$550,"2A/12 Morningstar Place, Mount Albert, Auckland City",https://www.trademe.co.nz/a/property/residential/rent/auckland/auckland-city/mount-albert/listing/3854736115?rsqid=8522717292e449958364c9cc214ccb37-001
Now,$550,"18a Stokes Rd, Mount Eden, Auckland City",https://www.trademe.co.nz/a/property/residential/rent/auckland/auckland-city/mount-eden/listing/3853732495?rsqid=8522717292e449958364c9cc214ccb37-001
Now,$540,"4/15 ANITA AVENUE, Mount Roskill, Auckland City",https://www.trademe.co.nz/a/property/residential/rent/auckland/auckland-city/mount-roskill/listing/3852001555?rsqid=8522717292e449958364c9cc214ccb37-001
Now,$520,"2/20A Woodbine Avenue, Greenlane, Auckland City",https://www.trademe.co.nz/a/property/residential/rent/auckland/auckland-city/greenlane/listing/3851894961?rsqid=8522717292e449958364c9cc214ccb37-001
Now,$490,"58 The Avenue, Lynfield, Auckland City",https://www.trademe.co.nz/a/property/residential/rent/auckland/auckland-city/lynfield/listing/3846205008?rsqid=8522717292e449958364c9cc214ccb37-001
"Sun, 20 Nov",$530,"2/1 Hendon Ave, Mount Albert, Auckland City",https://www.trademe.co.nz/a/property/residential/rent/auckland/auckland-city/mount-albert/listing/3846004055?rsqid=8522717292e449958364c9cc214ccb37-001
"Wed, 30 Nov",$540,"5/20 Campbell Road, Royal Oak, Auckland City",https://www.trademe.co.nz/a/property/residential/rent/auckland/auckland-city/royal-oak/listing/3842596196?rsqid=8522717292e449958364c9cc214ccb37-001
"Sat, 26 Nov",$540,"4/9 Ranier Street, Ellerslie, Auckland City",https://www.trademe.co.nz/a/property/residential/rent/auckland/auckland-city/ellerslie/listing/3826245025?rsqid=8522717292e449958364c9cc214ccb37-001
"Tue, 6 Dec",$450,"3/15 Stamford Park Road, Hillsborough, Auckland City",https://www.trademe.co.nz/a/property/residential/rent/auckland/auckland-city/hillsborough/listing/3855758458?rsqid=8522717292e449958364c9cc214ccb37-001
"Sun, 20 Nov",$530,"B505/176 Broadway , Newmarket, Auckland City",https://www.trademe.co.nz/a/property/residential/rent/auckland/auckland-city/newmarket/listing/3826281718?rsqid=8522717292e449958364c9cc214ccb37-001
"Tue, 15 Nov",$495,"6/30A Liverpool Street, Epsom, Auckland City",https://www.trademe.co.nz/a/property/residential/rent/auckland/auckland-city/epsom/listing/3838590617?rsqid=8522717292e449958364c9cc214ccb37-001
Now,$350,"3/125 Carrington Road, Point Chevalier, Auckland City",https://www.trademe.co.nz/a/property/residential/rent/auckland/auckland-city/point-chevalier/listing/3311353010?rsqid=8522717292e449958364c9cc214ccb37-001
Now,$530,"B408/176 Broadway, Newmarket, Auckland City",https://www.trademe.co.nz/a/property/residential/rent/auckland/auckland-city/newmarket/listing/3838792982?rsqid=8522717292e449958364c9cc214ccb37-001
"Tue, 20 Dec",$550,"3/64 williamson ave, Grey Lynn, Auckland City",https://www.trademe.co.nz/a/property/residential/rent/auckland/auckland-city/grey-lynn/listing/3852423111?rsqid=8522717292e449958364c9cc214ccb37-001
Now,$550,"1/466 Parnell Road, Parnell, Auckland City",https://www.trademe.co.nz/a/property/residential/rent/auckland/auckland-city/parnell/listing/3847990300?rsqid=8522717292e449958364c9cc214ccb37-001
"Fri, 25 Nov",$550,"8 Powell Pl, Henderson, Waitakere City",https://www.trademe.co.nz/a/property/residential/rent/auckland/waitakere-city/henderson/listing/3841071079?rsqid=e09396e863c84b7ebef6a9d4328327d8-001
"Sat, 26 Nov",$550,"46E Universal Drive, Henderson, Waitakere City",https://www.trademe.co.nz/a/property/residential/rent/auckland/waitakere-city/henderson/listing/3853432453?rsqid=e09396e863c84b7ebef6a9d4328327d8-001
Now,$495,"20D Konini Road, Titirangi, Waitakere City",https://www.trademe.co.nz/a/property/residential/rent/auckland/waitakere-city/titirangi/listing/3823385428?rsqid=e09396e863c84b7ebef6a9d4328327d8-001
Now,$550,"13 Vitex Lane, Henderson, Waitakere City",https://www.trademe.co.nz/a/property/residential/rent/auckland/waitakere-city/henderson/listing/3837066159?rsqid=e09396e863c84b7ebef6a9d4328327d8-001
Now,$545,"42A Farwood Dr, Henderson, Waitakere City",https://www.trademe.co.nz/a/property/residential/rent/auckland/waitakere-city/henderson/listing/3826535081?rsqid=e09396e863c84b7ebef6a9d4328327d8-001
Now,$495,"49A Bruce McLaren Road, Henderson, Waitakere City",https://www.trademe.co.nz/a/property/residential/rent/auckland/waitakere-city/henderson/listing/3822357575?rsqid=e09396e863c84b7ebef6a9d4328327d8-001
Now,$460,"7 Helga Crescent, Te Atatu Peninsula, Waitakere City",https://www.trademe.co.nz/a/property/residential/rent/auckland/waitakere-city/te-atatu-peninsula/listing/3814689036?rsqid=e09396e863c84b7ebef6a9d4328327d8-001
"Wed, 30 Nov",$380,"1/92 Bruce Mclaren Road, Henderson, Waitakere City",https://www.trademe.co.nz/a/property/residential/rent/auckland/waitakere-city/henderson/listing/3814211299?rsqid=e09396e863c84b7ebef6a9d4328327d8-001
Now,$520,"3/51 Henderson Valley Road, Henderson, Waitakere City",https://www.trademe.co.nz/a/property/residential/rent/auckland/waitakere-city/henderson/listing/3784393448?rsqid=e09396e863c84b7ebef6a9d4328327d8-001
Now,$470,"8A Wirihana Road, Titirangi, Waitakere City",https://www.trademe.co.nz/a/property/residential/rent/auckland/waitakere-city/titirangi/listing/3778093507?rsqid=e09396e863c84b7ebef6a9d4328327d8-001
Now,$550,"19 Yeovil Road, Te Atatu Peninsula, Waitakere City",https://www.trademe.co.nz/a/property/residential/rent/auckland/waitakere-city/te-atatu-peninsula/listing/3720472775?rsqid=e09396e863c84b7ebef6a9d4328327d8-001
"Mon, 5 Dec",$495,"5/215 Swanson road , Henderson, Waitakere City",https://www.trademe.co.nz/a/property/residential/rent/auckland/waitakere-city/henderson/listing/3858602097?rsqid=e09396e863c84b7ebef6a9d4328327d8-001
"Mon, 5 Dec",$450,"3/2 Konini Road, Titirangi, Waitakere City",https://www.trademe.co.nz/a/property/residential/rent/auckland/waitakere-city/titirangi/listing/3853505118?rsqid=e09396e863c84b7ebef6a9d4328327d8-001
"Fri, 18 Nov",$500,"2/62 Forest Hill Road, Henderson, Waitakere City",https://www.trademe.co.nz/a/property/residential/rent/auckland/waitakere-city/henderson/listing/3851731895?rsqid=e09396e863c84b7ebef6a9d4328327d8-001
Now,$550,"385 Triangle Road, Henderson, Waitakere City",https://www.trademe.co.nz/a/property/residential/rent/auckland/waitakere-city/henderson/listing/3848977730?rsqid=e09396e863c84b7ebef6a9d4328327d8-001
"Sat, 19 Nov",$540,"106/1 Sidney Wallingford Way, Hobsonville, Waitakere City",https://www.trademe.co.nz/a/property/residential/rent/auckland/waitakere-city/hobsonville/listing/3842507069?rsqid=e09396e863c84b7ebef6a9d4328327d8-001
Now,$500,"1/38 Harbour View Road, Te Atatu Peninsula, Waitakere City",https://www.trademe.co.nz/a/property/residential/rent/auckland/waitakere-city/te-atatu-peninsula/listing/3841427735?rsqid=e09396e863c84b7ebef6a9d4328327d8-001
"Sat, 26 Nov",$550,"1/38 Godley Road, Green Bay, Waitakere City",https://www.trademe.co.nz/a/property/residential/rent/auckland/waitakere-city/green-bay/listing/3836825803?rsqid=e09396e863c84b7ebef6a9d4328327d8-001
"Fri, 18 Nov",$550,"5A Neil Avenue, Te Atatu Peninsula, Waitakere City",https://www.trademe.co.nz/a/property/residential/rent/auckland/waitakere-city/te-atatu-peninsula/listing/3835787353?rsqid=e09396e863c84b7ebef6a9d4328327d8-001
"Sat, 19 Nov",$550,"312 Lincoln Road, Henderson, Waitakere City",https://www.trademe.co.nz/a/property/residential/rent/auckland/waitakere-city/henderson/listing/3835599509?rsqid=e09396e863c84b7ebef6a9d4328327d8-001
"Sat, 3 Dec",$495,"136 Victory Road, Laingholm, Waitakere City",https://www.trademe.co.nz/a/property/residential/rent/auckland/waitakere-city/laingholm/listing/3835581095?rsqid=e09396e863c84b7ebef6a9d4328327d8-001
Now,$450,"306 Lincoln Road, Henderson, Waitakere City",https://www.trademe.co.nz/a/property/residential/rent/auckland/waitakere-city/henderson/listing/3837181717?rsqid=e09396e863c84b7ebef6a9d4328327d8-001
Now,$390,"557 Glenfield Road, Glenfield, North Shore City",https://www.trademe.co.nz/a/property/residential/rent/auckland/north-shore-city/glenfield/listing/3802664145?rsqid=2af5eb4f222a4cc7a5bb33ca4aeafab2-001
"Fri, 18 Nov",$490,"13C Victoria Road, Devonport, North Shore City",https://www.trademe.co.nz/a/property/residential/rent/auckland/north-shore-city/devonport/listing/3802066356?rsqid=2af5eb4f222a4cc7a5bb33ca4aeafab2-001
Now,$475,"75B Taurus Crescent , Beach Haven, North Shore City",https://www.trademe.co.nz/a/property/residential/rent/auckland/north-shore-city/beach-haven/listing/3777434655?rsqid=2af5eb4f222a4cc7a5bb33ca4aeafab2-001
Now,$550,"2 Munroe Lane , Albany, North Shore City",https://www.trademe.co.nz/a/property/residential/rent/auckland/north-shore-city/albany/listing/3749500861?rsqid=2af5eb4f222a4cc7a5bb33ca4aeafab2-001
Now,$500,"14a Vinewood rd, Albany, North Shore City",https://www.trademe.co.nz/a/property/residential/rent/auckland/north-shore-city/albany/listing/3819894880?rsqid=2af5eb4f222a4cc7a5bb33ca4aeafab2-001
Now,$550,"3A Lyttelton Avenue, Forrest Hill, North Shore City",https://www.trademe.co.nz/a/property/residential/rent/auckland/north-shore-city/forrest-hill/listing/3457023809?rsqid=2af5eb4f222a4cc7a5bb33ca4aeafab2-001
"Fri, 2 Dec",$475,"1/212 Forrest Hill, Forrest Hill, North Shore City",https://www.trademe.co.nz/a/property/residential/rent/auckland/north-shore-city/forrest-hill/listing/3859261962?rsqid=2af5eb4f222a4cc7a5bb33ca4aeafab2-001
Now,$450,"128 Greenhithe Rd, Greenhithe, North Shore City",https://www.trademe.co.nz/a/property/residential/rent/auckland/north-shore-city/greenhithe/listing/3858613139?rsqid=2af5eb4f222a4cc7a5bb33ca4aeafab2-001
"Sun, 27 Nov",$500," Glenvar road, Torbay, North Shore City",https://www.trademe.co.nz/a/property/residential/rent/auckland/north-shore-city/torbay/listing/3857461583?rsqid=2af5eb4f222a4cc7a5bb33ca4aeafab2-001
"Sun, 1 Jan",$550,"3 Tye Road, Hillcrest, North Shore City",https://www.trademe.co.nz/a/property/residential/rent/auckland/north-shore-city/hillcrest/listing/3856940693?rsqid=2af5eb4f222a4cc7a5bb33ca4aeafab2-001
Now,$550,"2/15 Dominion St, Takapuna, North Shore City",https://www.trademe.co.nz/a/property/residential/rent/auckland/north-shore-city/takapuna/listing/3856849928?rsqid=2af5eb4f222a4cc7a5bb33ca4aeafab2-001
"Mon, 28 Nov",$475," James Evans Drive, Northcote, North Shore City",https://www.trademe.co.nz/a/property/residential/rent/auckland/north-shore-city/northcote/listing/3854762869?rsqid=2af5eb4f222a4cc7a5bb33ca4aeafab2-001
"Fri, 25 Nov",$470," Hiwihau Place, Glenfield, North Shore City",https://www.trademe.co.nz/a/property/residential/rent/auckland/north-shore-city/glenfield/listing/3852636119?rsqid=2af5eb4f222a4cc7a5bb33ca4aeafab2-001
Now,$530,"134 East Coast Road, Forrest Hill, North Shore City",https://www.trademe.co.nz/a/property/residential/rent/auckland/north-shore-city/forrest-hill/listing/3852384311?rsqid=2af5eb4f222a4cc7a5bb33ca4aeafab2-001
Now,$500,"31 valley view road, Glenfield, North Shore City",https://www.trademe.co.nz/a/property/residential/rent/auckland/north-shore-city/glenfield/listing/3852096533?rsqid=2af5eb4f222a4cc7a5bb33ca4aeafab2-001
"Tue, 6 Dec",$530,"15 Monarch Avenue, Hillcrest, North Shore City",https://www.trademe.co.nz/a/property/residential/rent/auckland/north-shore-city/hillcrest/listing/3851711791?rsqid=2af5eb4f222a4cc7a5bb33ca4aeafab2-001
"Fri, 2 Dec",$495,"3/78 Seaview Road, Castor Bay, North Shore City",https://www.trademe.co.nz/a/property/residential/rent/auckland/north-shore-city/castor-bay/listing/3851099195?rsqid=2af5eb4f222a4cc7a5bb33ca4aeafab2-001
"Thu, 24 Nov",$540,"1/4 Velma Road, Hillcrest, North Shore City",https://www.trademe.co.nz/a/property/residential/rent/auckland/north-shore-city/hillcrest/listing/3847026182?rsqid=2af5eb4f222a4cc7a5bb33ca4aeafab2-001
Now,$515,"12b Evelyn Place, Hillcrest, North Shore City",https://www.trademe.co.nz/a/property/residential/rent/auckland/north-shore-city/hillcrest/listing/3844695775?rsqid=2af5eb4f222a4cc7a5bb33ca4aeafab2-001
Now,$530,"83A Balmain Road, Birkenhead, North Shore City",https://www.trademe.co.nz/a/property/residential/rent/auckland/north-shore-city/birkenhead/listing/3842897875?rsqid=2af5eb4f222a4cc7a5bb33ca4aeafab2-001
"Mon, 5 Dec",$550,"1/11 Jutland Street, Mairangi Bay, North Shore City",https://www.trademe.co.nz/a/property/residential/rent/auckland/north-shore-city/mairangi-bay/listing/3842795458?rsqid=2af5eb4f222a4cc7a5bb33ca4aeafab2-001
"Sat, 19 Nov",$550,"2/11 Dodson Avenue, Milford, North Shore City",https://www.trademe.co.nz/a/property/residential/rent/auckland/north-shore-city/milford/listing/3840020925?rsqid=2af5eb4f222a4cc7a5bb33ca4aeafab2-001
Now,$495,"1/39 Wilsher Crescent, Henderson, Waitakere City",https://www.trademe.co.nz/a/property/residential/rent/auckland/waitakere-city/henderson/listing/3815789306?rsqid=e300399190be480e934e5dd2a9cea103-001
Now,$500,"170 Lincoln Road, Henderson, Waitakere City",https://www.trademe.co.nz/a/property/residential/rent/auckland/waitakere-city/henderson/listing/3842272632?rsqid=e300399190be480e934e5dd2a9cea103-001
Now,$530,"102 Lincoln Road, Henderson, Waitakere City",https://www.trademe.co.nz/a/property/residential/rent/auckland/waitakere-city/henderson/listing/3809630334?rsqid=e300399190be480e934e5dd2a9cea103-001
Now,$550,"1 Mt Lebanon Lane, Henderson, Waitakere City",https://www.trademe.co.nz/a/property/residential/rent/auckland/waitakere-city/henderson/listing/3809374366?rsqid=e300399190be480e934e5dd2a9cea103-001
Now,$550,"45a Smythe Road, Henderson, Waitakere City",https://www.trademe.co.nz/a/property/residential/rent/auckland/waitakere-city/henderson/listing/3809197638?rsqid=e300399190be480e934e5dd2a9cea103-001
Now,$480,"7/5 Keeling Road, Henderson, Waitakere City",https://www.trademe.co.nz/a/property/residential/rent/auckland/waitakere-city/henderson/listing/3799373080?rsqid=e300399190be480e934e5dd2a9cea103-001
Now,$530,"22 Matipo Road, Te Atatu Peninsula, Waitakere City",https://www.trademe.co.nz/a/property/residential/rent/auckland/waitakere-city/te-atatu-peninsula/listing/3858201694?rsqid=e300399190be480e934e5dd2a9cea103-001
"Sat, 3 Dec",$510,"58a Wirihana Road, Titirangi, Waitakere City",https://www.trademe.co.nz/a/property/residential/rent/auckland/waitakere-city/titirangi/listing/3774090634?rsqid=e300399190be480e934e5dd2a9cea103-001
Now,$495,"32A Eyre Street, Henderson, Waitakere City",https://www.trademe.co.nz/a/property/residential/rent/auckland/waitakere-city/henderson/listing/3771440565?rsqid=e300399190be480e934e5dd2a9cea103-001
Now,$525,"5/19 Karamu Street, Te Atatu Peninsula, Waitakere City",https://www.trademe.co.nz/a/property/residential/rent/auckland/waitakere-city/te-atatu-peninsula/listing/3638823587?rsqid=e300399190be480e934e5dd2a9cea103-001
Now,$500,"16 Cloonlyon Drive, Flat Bush, Manukau City",https://www.trademe.co.nz/a/property/residential/rent/auckland/manukau-city/flat-bush/listing/3841294226?rsqid=2e54423eac8b4b41b39812cc7c6ef8d0-001
Now,$530,"5 hing st, Flat Bush, Manukau City",https://www.trademe.co.nz/a/property/residential/rent/auckland/manukau-city/flat-bush/listing/3838609221?rsqid=2e54423eac8b4b41b39812cc7c6ef8d0-001
Now,$530,"12 Tannaghmore Drive, Flat Bush, Manukau City",https://www.trademe.co.nz/a/property/residential/rent/auckland/manukau-city/flat-bush/listing/3837538053?rsqid=2e54423eac8b4b41b39812cc7c6ef8d0-001
"Wed, 23 Nov",$530,"58A Westerham Drive, Dannemora, Manukau City",https://www.trademe.co.nz/a/property/residential/rent/auckland/manukau-city/dannemora/listing/3836952915?rsqid=2e54423eac8b4b41b39812cc7c6ef8d0-001
Now,$390,"2/25 Ti Rakau Drive, Pakuranga, Manukau City",https://www.trademe.co.nz/a/property/residential/rent/auckland/manukau-city/pakuranga/listing/3835552498?rsqid=2e54423eac8b4b41b39812cc7c6ef8d0-001
"Sun, 4 Dec",$530,"58a Westerham Drive, Dannemora, Manukau City",https://www.trademe.co.nz/a/property/residential/rent/auckland/manukau-city/dannemora/listing/3835267620?rsqid=2e54423eac8b4b41b39812cc7c6ef8d0-001
Now,$475,"6 Ballindrait Drive, Flat Bush, Manukau City",https://www.trademe.co.nz/a/property/residential/rent/auckland/manukau-city/flat-bush/listing/3834625861?rsqid=2e54423eac8b4b41b39812cc7c6ef8d0-001
Now,$530,"2/44 Michaels Avenue, Ellerslie, Auckland City",https://www.trademe.co.nz/a/property/residential/rent/auckland/auckland-city/ellerslie/listing/3847892806?rsqid=59ca992a349f4642876b1cc9b091c47f-001
Now,$540,"43 Murphys Park Drive, Flat Bush, Manukau City",https://www.trademe.co.nz/a/property/residential/rent/auckland/manukau-city/flat-bush/listing/3833689723?rsqid=2e54423eac8b4b41b39812cc7c6ef8d0-001
Now,$530,"171 Jeffs Rd, Flat Bush, Manukau City",https://www.trademe.co.nz/a/property/residential/rent/auckland/manukau-city/flat-bush/listing/3826710284?rsqid=2e54423eac8b4b41b39812cc7c6ef8d0-001
"Thu, 24 Nov",$450,"165A Cyril French Drive , Flat Bush, Manukau City",https://www.trademe.co.nz/a/property/residential/rent/auckland/manukau-city/flat-bush/listing/3824852895?rsqid=2e54423eac8b4b41b39812cc7c6ef8d0-001
Now,$540,"17 barley road, Flat Bush, Manukau City",https://www.trademe.co.nz/a/property/residential/rent/auckland/manukau-city/flat-bush/listing/3855971313?rsqid=2e54423eac8b4b41b39812cc7c6ef8d0-001
Now,$510,"13 Downpatrick Drive, Flat Bush, Manukau City",https://www.trademe.co.nz/a/property/residential/rent/auckland/manukau-city/flat-bush/listing/3853449513?rsqid=2e54423eac8b4b41b39812cc7c6ef8d0-001
Now,$550,"43 Ohalloran Road, Howick, Manukau City",https://www.trademe.co.nz/a/property/residential/rent/auckland/manukau-city/howick/listing/3820753434?rsqid=2e54423eac8b4b41b39812cc7c6ef8d0-001
Now,$490,"1/661 New North Rd, Mount Albert, Auckland City",https://www.trademe.co.nz/a/property/residential/rent/auckland/auckland-city/mount-albert/listing/3844623655?rsqid=59ca992a349f4642876b1cc9b091c47f-001
Now,$510,"3/15 Eaglehurst Road, Ellerslie, Auckland City",https://www.trademe.co.nz/a/property/residential/rent/auckland/auckland-city/ellerslie/listing/3842779105?rsqid=59ca992a349f4642876b1cc9b091c47f-001
Now,$550,"3/192 Mount Albert Road, Mount Albert, Auckland City",https://www.trademe.co.nz/a/property/residential/rent/auckland/auckland-city/mount-albert/listing/3842763975?rsqid=59ca992a349f4642876b1cc9b091c47f-001
"Fri, 25 Nov",$500,"9/86 Owairaka Ave, Mount Albert, Auckland City",https://www.trademe.co.nz/a/property/residential/rent/auckland/auckland-city/mount-albert/listing/3837165972?rsqid=59ca992a349f4642876b1cc9b091c47f-001
"Mon, 28 Nov",$540,"B309/176 Broadway, Newmarket, Auckland City",https://www.trademe.co.nz/a/property/residential/rent/auckland/auckland-city/newmarket/listing/3836989544?rsqid=59ca992a349f4642876b1cc9b091c47f-001
Now,$480,"96C Michael Jones Drive, Flat Bush, Manukau City",https://www.trademe.co.nz/a/property/residential/rent/auckland/manukau-city/flat-bush/listing/3820210219?rsqid=2e54423eac8b4b41b39812cc7c6ef8d0-001
"Sat, 28 Oct",$540," Galsworthy Pl, Bucklands Beach, Manukau City",https://www.trademe.co.nz/a/property/residential/rent/auckland/manukau-city/bucklands-beach/listing/3816062349?rsqid=2e54423eac8b4b41b39812cc7c6ef8d0-001
Now,$480,"20 Beltany Dr, Flat Bush, Manukau City",https://www.trademe.co.nz/a/property/residential/rent/auckland/manukau-city/flat-bush/listing/3845845847?rsqid=2e54423eac8b4b41b39812cc7c6ef8d0-001
Now,$550,"18A Challinor Street, Pakuranga, Manukau City",https://www.trademe.co.nz/a/property/residential/rent/auckland/manukau-city/pakuranga/listing/3809935639?rsqid=2e54423eac8b4b41b39812cc7c6ef8d0-001
Now,$510,"8 Rossbeg Lane, Flat Bush, Manukau City",https://www.trademe.co.nz/a/property/residential/rent/auckland/manukau-city/flat-bush/listing/3693046176?rsqid=2e54423eac8b4b41b39812cc7c6ef8d0-001
Now,$490,"1/96 Taylor Street, Blockhouse Bay, Auckland City",https://www.trademe.co.nz/a/property/residential/rent/auckland/auckland-city/blockhouse-bay/listing/3811091285?rsqid=59ca992a349f4642876b1cc9b091c47f-001
"Fri, 2 Dec",$550,"L6 D/176 Broadway, Newmarket, Auckland City",https://www.trademe.co.nz/a/property/residential/rent/auckland/auckland-city/newmarket/listing/3835424276?rsqid=59ca992a349f4642876b1cc9b091c47f-001
Now,$519,"7 Thomson Street, Mount Roskill, Auckland City",https://www.trademe.co.nz/a/property/residential/rent/auckland/auckland-city/mount-roskill/listing/3826212617?rsqid=59ca992a349f4642876b1cc9b091c47f-001
Now,$450,"7/62 Grange Road, Mount Eden, Auckland City",https://www.trademe.co.nz/a/property/residential/rent/auckland/auckland-city/mount-eden/listing/3811174565?rsqid=59ca992a349f4642876b1cc9b091c47f-001
Now,$510,"26A May Rd, Mount Roskill, Auckland City",https://www.trademe.co.nz/a/property/residential/rent/auckland/auckland-city/mount-roskill/listing/3809396769?rsqid=59ca992a349f4642876b1cc9b091c47f-001
Now,$415,"20 Pandora Place, Pakuranga, Manukau City",https://www.trademe.co.nz/a/property/residential/rent/auckland/manukau-city/pakuranga/listing/3689346502?rsqid=2e54423eac8b4b41b39812cc7c6ef8d0-001
"Wed, 18 Jan",$520,"Flat Bush, Manukau City",https://www.trademe.co.nz/a/property/residential/rent/auckland/manukau-city/flat-bush/listing/3826160941?rsqid=2e54423eac8b4b41b39812cc7c6ef8d0-001
Now,$500,"472 Remuera Road, Remuera, Auckland City",https://www.trademe.co.nz/a/property/residential/rent/auckland/auckland-city/remuera/listing/3809134586?rsqid=59ca992a349f4642876b1cc9b091c47f-001
Now,$450,"30 Ellis Avenue, Mount Roskill, Auckland City",https://www.trademe.co.nz/a/property/residential/rent/auckland/auckland-city/mount-roskill/listing/3803356996?rsqid=59ca992a349f4642876b1cc9b091c47f-001
Now,$550,"23/66 Mount Eden Road, Mount Eden, Auckland City",https://www.trademe.co.nz/a/property/residential/rent/auckland/auckland-city/mount-eden/listing/3800661715?rsqid=59ca992a349f4642876b1cc9b091c47f-001
Now,$450,"34 Mitchell Street, Blockhouse Bay, Auckland City",https://www.trademe.co.nz/a/property/residential/rent/auckland/auckland-city/blockhouse-bay/listing/3800511046?rsqid=59ca992a349f4642876b1cc9b091c47f-001
Now,$450,"1/64 Williamson Avenue, Grey Lynn, Auckland City",https://www.trademe.co.nz/a/property/residential/rent/auckland/auckland-city/grey-lynn/listing/3794878156?rsqid=59ca992a349f4642876b1cc9b091c47f-001
Now,$495,"16A Flavia Place, Lynfield, Auckland City",https://www.trademe.co.nz/a/property/residential/rent/auckland/auckland-city/lynfield/listing/3812815455?rsqid=59ca992a349f4642876b1cc9b091c47f-001
Now,$420,"8/3 Rossgrove Tce, Mount Albert, Auckland City",https://www.trademe.co.nz/a/property/residential/rent/auckland/auckland-city/mount-albert/listing/3785117868?rsqid=59ca992a349f4642876b1cc9b091c47f-001
Now,$450,"2/3 Rossgrove Tce, Mount Albert, Auckland City",https://www.trademe.co.nz/a/property/residential/rent/auckland/auckland-city/mount-albert/listing/3785096556?rsqid=59ca992a349f4642876b1cc9b091c47f-001
"Fri, 25 Nov",$500,"2/226 Main Highway, Ellerslie, Auckland City",https://www.trademe.co.nz/a/property/residential/rent/auckland/auckland-city/ellerslie/listing/3783115757?rsqid=59ca992a349f4642876b1cc9b091c47f-001
Now,$540,"2/249A Hillsborough Road, Hillsborough, Auckland City",https://www.trademe.co.nz/a/property/residential/rent/auckland/auckland-city/hillsborough/listing/3768271483?rsqid=59ca992a349f4642876b1cc9b091c47f-001
Now,$480,"274A Hillsborough Road, Hillsborough, Auckland City",https://www.trademe.co.nz/a/property/residential/rent/auckland/auckland-city/hillsborough/listing/3768129982?rsqid=59ca992a349f4642876b1cc9b091c47f-001
"Sat, 10 Dec",$550,"2c Wyvern Place, Glenfield, North Shore City",https://www.trademe.co.nz/a/property/residential/rent/auckland/north-shore-city/glenfield/listing/3835796373?rsqid=24758d1d074343f0b54633f299d6545d-001
Now,$450,"3/81 Pupuke Road, Northcote, North Shore City",https://www.trademe.co.nz/a/property/residential/rent/auckland/north-shore-city/northcote/listing/3842808164?rsqid=24758d1d074343f0b54633f299d6545d-001
Now,$450,"4 Dallan place, Albany, North Shore City",https://www.trademe.co.nz/a/property/residential/rent/auckland/north-shore-city/albany/listing/3835492560?rsqid=24758d1d074343f0b54633f299d6545d-001
"Sat, 26 Nov",$500,"26a Arosa Place, Forrest Hill, North Shore City",https://www.trademe.co.nz/a/property/residential/rent/auckland/north-shore-city/forrest-hill/listing/3831843314?rsqid=24758d1d074343f0b54633f299d6545d-001
"Fri, 18 Nov",$510," Totara Grove, Hillcrest, North Shore City",https://www.trademe.co.nz/a/property/residential/rent/auckland/north-shore-city/hillcrest/listing/3831823244?rsqid=24758d1d074343f0b54633f299d6545d-001
Now,$550,"129a Beach Haven Road, Beach Haven, North Shore City",https://www.trademe.co.nz/a/property/residential/rent/auckland/north-shore-city/beach-haven/listing/3826478486?rsqid=24758d1d074343f0b54633f299d6545d-001
Now,$485,"4/3  The Avenue, Albany, North Shore City",https://www.trademe.co.nz/a/property/residential/rent/auckland/north-shore-city/albany/listing/3826310054?rsqid=24758d1d074343f0b54633f299d6545d-001
"Mon, 14 Nov",$540,"35A English oak, Albany, North Shore City",https://www.trademe.co.nz/a/property/residential/rent/auckland/north-shore-city/albany/listing/3820203825?rsqid=24758d1d074343f0b54633f299d6545d-001
Now,$520,"2/2 Totara Grove, Hillcrest, North Shore City",https://www.trademe.co.nz/a/property/residential/rent/auckland/north-shore-city/hillcrest/listing/3818919302?rsqid=24758d1d074343f0b54633f299d6545d-001
Now,$400,"Flat/58a Powrie st, Glenfield, North Shore City",https://www.trademe.co.nz/a/property/residential/rent/auckland/north-shore-city/glenfield/listing/3838315236?rsqid=24758d1d074343f0b54633f299d6545d-001
Now,$550,"42/241 Hinemoa Street, Birkenhead, North Shore City",https://www.trademe.co.nz/a/property/residential/rent/auckland/north-shore-city/birkenhead/listing/3804972201?rsqid=24758d1d074343f0b54633f299d6545d-001
Now,$550,"Northcote, North Shore City",https://www.trademe.co.nz/a/property/residential/rent/auckland/north-shore-city/northcote/listing/3803788456?rsqid=24758d1d074343f0b54633f299d6545d-001
"Thu, 8 Dec",$550,"3/35 Richards Avenue, Forrest Hill, North Shore City",https://www.trademe.co.nz/a/property/residential/rent/auckland/north-shore-city/forrest-hill/listing/3823478244?rsqid=24758d1d074343f0b54633f299d6545d-001
Now,$545,"1D/20 Ian Marwick Place, Birkenhead, North Shore City",https://www.trademe.co.nz/a/property/residential/rent/auckland/north-shore-city/birkenhead/listing/3792157724?rsqid=24758d1d074343f0b54633f299d6545d-001
Now,$490,"Glenfield, North Shore City",https://www.trademe.co.nz/a/property/residential/rent/auckland/north-shore-city/glenfield/listing/3779805765?rsqid=24758d1d074343f0b54633f299d6545d-001
Now,$460,"56 Weatherly Road, Torbay, North Shore City",https://www.trademe.co.nz/a/property/residential/rent/auckland/north-shore-city/torbay/listing/3778602188?rsqid=24758d1d074343f0b54633f299d6545d-001
Now,$450,"17A Uppingham Cres, Hillcrest, North Shore City",https://www.trademe.co.nz/a/property/residential/rent/auckland/north-shore-city/hillcrest/listing/3835100080?rsqid=24758d1d074343f0b54633f299d6545d-001
"Tue, 31 Jan",$550,"64 Mayfair Crescent, Mairangi Bay, North Shore City",https://www.trademe.co.nz/a/property/residential/rent/auckland/north-shore-city/mairangi-bay/listing/3769763280?rsqid=24758d1d074343f0b54633f299d6545d-001
Now,$500," Ayton Dr, Glenfield, North Shore City",https://www.trademe.co.nz/a/property/residential/rent/auckland/north-shore-city/glenfield/listing/3780030429?rsqid=24758d1d074343f0b54633f299d6545d-001
Now,$550,"3/178 Hinemoa Street, Birkenhead, North Shore City",https://www.trademe.co.nz/a/property/residential/rent/auckland/north-shore-city/birkenhead/listing/3842422992?rsqid=24758d1d074343f0b54633f299d6545d-001
Now,$550,"243 Glamorgan Drive. Pwr/water incl, Torbay, North Shore City",https://www.trademe.co.nz/a/property/residential/rent/auckland/north-shore-city/torbay/listing/3840886657?rsqid=24758d1d074343f0b54633f299d6545d-001
Now,$500,"121 Great South Road, Greenlane, Auckland City",https://www.trademe.co.nz/a/property/residential/rent/auckland/auckland-city/greenlane/listing/3727561173?rsqid=dd6c946735dc4843b8d0179b092c9af6-001
Now,$460,"147 Great South Road, Greenlane, Auckland City",https://www.trademe.co.nz/a/property/residential/rent/auckland/auckland-city/greenlane/listing/3719784740?rsqid=dd6c946735dc4843b8d0179b092c9af6-001
Now,$500,"Mount Eden, Auckland City",https://www.trademe.co.nz/a/property/residential/rent/auckland/auckland-city/mount-eden/listing/3712009652?rsqid=dd6c946735dc4843b8d0179b092c9af6-001
Now,$550,"153 White Swan Road, Mount Roskill, Auckland City",https://www.trademe.co.nz/a/property/residential/rent/auckland/auckland-city/mount-roskill/listing/3541623727?rsqid=dd6c946735dc4843b8d0179b092c9af6-001
Now,$450,"3/10A Jesmond Tce, Mount Albert, Auckland City",https://www.trademe.co.nz/a/property/residential/rent/auckland/auckland-city/mount-albert/listing/3453377490?rsqid=dd6c946735dc4843b8d0179b092c9af6-001
Now,$475,"6B Kimber Hall Avenue, Mount Roskill, Auckland City",https://www.trademe.co.nz/a/property/residential/rent/auckland/auckland-city/mount-roskill/listing/3453091598?rsqid=dd6c946735dc4843b8d0179b092c9af6-001
Now,$450,"10/1225 New North Rd,, Mount Albert, Auckland City",https://www.trademe.co.nz/a/property/residential/rent/auckland/auckland-city/mount-albert/listing/3577972432?rsqid=dd6c946735dc4843b8d0179b092c9af6-001
Now,$500,"15/3 Epsom Ave, Epsom, Auckland City",https://www.trademe.co.nz/a/property/residential/rent/auckland/auckland-city/epsom/listing/3859982828?rsqid=dd6c946735dc4843b8d0179b092c9af6-001
Now,$460,"5/825 New North Road, Mount Albert, Auckland City",https://www.trademe.co.nz/a/property/residential/rent/auckland/auckland-city/mount-albert/listing/3859068428?rsqid=dd6c946735dc4843b8d0179b092c9af6-001
"Wed, 30 Nov",$480,"2/42 Sussex Street, Ponsonby, Auckland City",https://www.trademe.co.nz/a/property/residential/rent/auckland/auckland-city/ponsonby/listing/3858866095?rsqid=dd6c946735dc4843b8d0179b092c9af6-001
"Wed, 7 Dec",$495,"2/86 Halsey Drive, Lynfield, Auckland City",https://www.trademe.co.nz/a/property/residential/rent/auckland/auckland-city/lynfield/listing/3858732649?rsqid=dd6c946735dc4843b8d0179b092c9af6-001
"Fri, 9 Dec",$550,"3/19 Turama Road, Royal Oak, Auckland City",https://www.trademe.co.nz/a/property/residential/rent/auckland/auckland-city/royal-oak/listing/3858593116?rsqid=dd6c946735dc4843b8d0179b092c9af6-001
"Sat, 3 Dec",$485,"50A Esplanade Road, Mount Eden, Auckland City",https://www.trademe.co.nz/a/property/residential/rent/auckland/auckland-city/mount-eden/listing/3858451411?rsqid=dd6c946735dc4843b8d0179b092c9af6-001
"Sat, 3 Dec",$520,"2/7 Celtic Crescent, Ellerslie, Auckland City",https://www.trademe.co.nz/a/property/residential/rent/auckland/auckland-city/ellerslie/listing/3857506983?rsqid=dd6c946735dc4843b8d0179b092c9af6-001
Now,$450,"2N/94 Dominion Road, Mount Eden, Auckland City",https://www.trademe.co.nz/a/property/residential/rent/auckland/auckland-city/mount-eden/listing/3856505750?rsqid=dd6c946735dc4843b8d0179b092c9af6-001
"Sun, 20 Nov",$550,"1C/38 Epsom Avenue, Epsom, Auckland City",https://www.trademe.co.nz/a/property/residential/rent/auckland/auckland-city/epsom/listing/3856489019?rsqid=dd6c946735dc4843b8d0179b092c9af6-001
"Tue, 15 Nov",$450,"3/45 Willcott Street, Mount Albert, Auckland City",https://www.trademe.co.nz/a/property/residential/rent/auckland/auckland-city/mount-albert/listing/3855123765?rsqid=dd6c946735dc4843b8d0179b092c9af6-001
"Fri, 2 Dec",$550,"3/34 Owens Road, Epsom, Auckland City",https://www.trademe.co.nz/a/property/residential/rent/auckland/auckland-city/epsom/listing/3854632142?rsqid=dd6c946735dc4843b8d0179b092c9af6-001
Now,$500,"2/168 Boundary Road, Blockhouse Bay, Auckland City",https://www.trademe.co.nz/a/property/residential/rent/auckland/auckland-city/blockhouse-bay/listing/3854055093?rsqid=dd6c946735dc4843b8d0179b092c9af6-001
"Tue, 6 Dec",$530,"1/86 Owairaka Avenue, Mount Albert, Auckland City",https://www.trademe.co.nz/a/property/residential/rent/auckland/auckland-city/mount-albert/listing/3853761825?rsqid=dd6c946735dc4843b8d0179b092c9af6-001
"Fri, 9 Dec",$525,"3/43 Queens Ave, Mount Eden, Auckland City",https://www.trademe.co.nz/a/property/residential/rent/auckland/auckland-city/mount-eden/listing/3853438647?rsqid=dd6c946735dc4843b8d0179b092c9af6-001
"Mon, 19 Dec",$550,"2/198 Upland Road, Remuera, Auckland City",https://www.trademe.co.nz/a/property/residential/rent/auckland/auckland-city/remuera/listing/3852532429?rsqid=dd6c946735dc4843b8d0179b092c9af6-001
Now,$530,"72 Gifford Ave, Mount Roskill, Auckland City",https://www.trademe.co.nz/a/property/residential/rent/auckland/auckland-city/mount-roskill/listing/3852465872?rsqid=6cd62c0148f74729a5eb1d4209b2cd23-001
"Sat, 26 Nov",$535,"6/214 Campbell Road, Greenlane, Auckland City",https://www.trademe.co.nz/a/property/residential/rent/auckland/auckland-city/greenlane/listing/3851709417?rsqid=6cd62c0148f74729a5eb1d4209b2cd23-001
"Sun, 27 Nov",$480,"2/1150 New North Road, Mount Albert, Auckland City",https://www.trademe.co.nz/a/property/residential/rent/auckland/auckland-city/mount-albert/listing/3850694095?rsqid=6cd62c0148f74729a5eb1d4209b2cd23-001
"Sun, 20 Nov",$550,"2E/28 Stanwell, Parnell, Auckland City",https://www.trademe.co.nz/a/property/residential/rent/auckland/auckland-city/parnell/listing/3849702912?rsqid=6cd62c0148f74729a5eb1d4209b2cd23-001
Now,$530,"2/246 Mount Albeert Road, Mount Albert, Auckland City",https://www.trademe.co.nz/a/property/residential/rent/auckland/auckland-city/mount-albert/listing/3849246355?rsqid=6cd62c0148f74729a5eb1d4209b2cd23-001
Now,$530,"Greenlane, Auckland City",https://www.trademe.co.nz/a/property/residential/rent/auckland/auckland-city/greenlane/listing/3848149903?rsqid=6cd62c0148f74729a5eb1d4209b2cd23-001
"Sat, 26 Nov",$470,"4/137 Celtic Crescent, Ellerslie, Auckland City",https://www.trademe.co.nz/a/property/residential/rent/auckland/auckland-city/ellerslie/listing/3847757223?rsqid=6cd62c0148f74729a5eb1d4209b2cd23-001
Now,$520,"3/277 Mt Eden Road, Mount Eden, Auckland City",https://www.trademe.co.nz/a/property/residential/rent/auckland/auckland-city/mount-eden/listing/3847554797?rsqid=6cd62c0148f74729a5eb1d4209b2cd23-001
Now,$450,"2B/567 Richardson Road, Mount Roskill, Auckland City",https://www.trademe.co.nz/a/property/residential/rent/auckland/auckland-city/mount-roskill/listing/3847139640?rsqid=6cd62c0148f74729a5eb1d4209b2cd23-001
"Wed, 30 Nov",$530,"1/811 Dominion Road, Mount Eden, Auckland City",https://www.trademe.co.nz/a/property/residential/rent/auckland/auckland-city/mount-eden/listing/3846250400?rsqid=6cd62c0148f74729a5eb1d4209b2cd23-001
"Mon, 5 Dec",$510,"1/19 Campbell Road, Royal Oak, Auckland City",https://www.trademe.co.nz/a/property/residential/rent/auckland/auckland-city/royal-oak/listing/3845895604?rsqid=6cd62c0148f74729a5eb1d4209b2cd23-001
Now,$420,"2/206 Blockhouse Bay Road, Blockhouse Bay, Auckland City",https://www.trademe.co.nz/a/property/residential/rent/auckland/auckland-city/blockhouse-bay/listing/3844770573?rsqid=6cd62c0148f74729a5eb1d4209b2cd23-001
Now,$545,"22b Olsen Ave, Hillsborough, Auckland City",https://www.trademe.co.nz/a/property/residential/rent/auckland/auckland-city/hillsborough/listing/3843967387?rsqid=6cd62c0148f74729a5eb1d4209b2cd23-001
"Wed, 30 Nov",$550,"5/14 Campbell Road, Royal Oak, Auckland City",https://www.trademe.co.nz/a/property/residential/rent/auckland/auckland-city/royal-oak/listing/3842515467?rsqid=6cd62c0148f74729a5eb1d4209b2cd23-001
Now,$520,"283 Richmond Rd, Grey Lynn, Auckland City",https://www.trademe.co.nz/a/property/residential/rent/auckland/auckland-city/grey-lynn/listing/3841351482?rsqid=6cd62c0148f74729a5eb1d4209b2cd23-001
"Sat, 26 Nov",$470,"6/9 Prospero Terrace, Mount Albert, Auckland City",https://www.trademe.co.nz/a/property/residential/rent/auckland/auckland-city/mount-albert/listing/3840584340?rsqid=6cd62c0148f74729a5eb1d4209b2cd23-001
"Mon, 14 Nov",$495,"2/107 Donovan Street, Blockhouse Bay, Auckland City",https://www.trademe.co.nz/a/property/residential/rent/auckland/auckland-city/blockhouse-bay/listing/3840339092?rsqid=6cd62c0148f74729a5eb1d4209b2cd23-001
Now,$530,"17 Bremner Ave, Mount Roskill, Auckland City",https://www.trademe.co.nz/a/property/residential/rent/auckland/auckland-city/mount-roskill/listing/3837717727?rsqid=6cd62c0148f74729a5eb1d4209b2cd23-001
Now,$485,"48 Boyce Avenue, Mount Roskill, Auckland City",https://www.trademe.co.nz/a/property/residential/rent/auckland/auckland-city/mount-roskill/listing/3837431763?rsqid=6cd62c0148f74729a5eb1d4209b2cd23-001
Now,$525,"2/16 Mt Smart Road, Royal Oak, Auckland City",https://www.trademe.co.nz/a/property/residential/rent/auckland/auckland-city/royal-oak/listing/3837187122?rsqid=6cd62c0148f74729a5eb1d4209b2cd23-001
Now,$550,"B172/176 Broadway, Newmarket, Auckland City",https://www.trademe.co.nz/a/property/residential/rent/auckland/auckland-city/newmarket/listing/3836940332?rsqid=6cd62c0148f74729a5eb1d4209b2cd23-001
Now,$480,"24 Mount Hobson Road, Remuera, Auckland City",https://www.trademe.co.nz/a/property/residential/rent/auckland/auckland-city/remuera/listing/3836201315?rsqid=6cd62c0148f74729a5eb1d4209b2cd23-001
Now,$500,"3/7 Hartland Avenue, Glendowie, Auckland City",https://www.trademe.co.nz/a/property/residential/rent/auckland/auckland-city/glendowie/listing/3835746147?rsqid=5d1548720c824e04add64aa867d5dce0-001
Now,$550,"36A May Road, Mount Roskill, Auckland City",https://www.trademe.co.nz/a/property/residential/rent/auckland/auckland-city/mount-roskill/listing/3835608859?rsqid=5d1548720c824e04add64aa867d5dce0-001
Now,$545,"3/24 Savannah Street, Epsom, Auckland City",https://www.trademe.co.nz/a/property/residential/rent/auckland/auckland-city/epsom/listing/3835324691?rsqid=5d1548720c824e04add64aa867d5dce0-001
"Wed, 23 Nov",$520,"2/24 Britton Avenue, Mount Roskill, Auckland City",https://www.trademe.co.nz/a/property/residential/rent/auckland/auckland-city/mount-roskill/listing/3834266598?rsqid=5d1548720c824e04add64aa867d5dce0-001
Now,$545,"2/120 Lynbrooke Avenue, Blockhouse Bay, Auckland City",https://www.trademe.co.nz/a/property/residential/rent/auckland/auckland-city/blockhouse-bay/listing/3834052713?rsqid=5d1548720c824e04add64aa867d5dce0-001
Now,$450,"205 Hillsborough Road, Hillsborough, Auckland City",https://www.trademe.co.nz/a/property/residential/rent/auckland/auckland-city/hillsborough/listing/3833869571?rsqid=5d1548720c824e04add64aa867d5dce0-001
"Mon, 21 Nov",$540,"1/1067 Dominion Road, Mount Roskill, Auckland City",https://www.trademe.co.nz/a/property/residential/rent/auckland/auckland-city/mount-roskill/listing/3832230767?rsqid=5d1548720c824e04add64aa867d5dce0-001
"Thu, 24 Nov",$500,"2/284A St Heliers Bay Rd, Saint Heliers, Auckland City",https://www.trademe.co.nz/a/property/residential/rent/auckland/auckland-city/saint-heliers/listing/3831799093?rsqid=5d1548720c824e04add64aa867d5dce0-001
Now,$470,"Mount Roskill, Auckland City",https://www.trademe.co.nz/a/property/residential/rent/auckland/auckland-city/mount-roskill/listing/3831665663?rsqid=5d1548720c824e04add64aa867d5dce0-001
"Fri, 18 Nov",$520,"3/12 Penney Ave , Mount Roskill, Auckland City",https://www.trademe.co.nz/a/property/residential/rent/auckland/auckland-city/mount-roskill/listing/3829184553?rsqid=5d1548720c824e04add64aa867d5dce0-001
Now,$470,"2/1208 New North Road, Mount Albert, Auckland City",https://www.trademe.co.nz/a/property/residential/rent/auckland/auckland-city/mount-albert/listing/3826225930?rsqid=5d1548720c824e04add64aa867d5dce0-001
Now,$540,"L7/176 Broadway, Newmarket, Auckland City",https://www.trademe.co.nz/a/property/residential/rent/auckland/auckland-city/newmarket/listing/3826066815?rsqid=5d1548720c824e04add64aa867d5dce0-001
"Wed, 23 Nov",$470,"7/3 Rocklands Ave, Mount Eden, Auckland City",https://www.trademe.co.nz/a/property/residential/rent/auckland/auckland-city/mount-eden/listing/3857151893?rsqid=5d1548720c824e04add64aa867d5dce0-001
"Sat, 26 Nov",$450,"3/138 Richardson Road, Mount Albert, Auckland City",https://www.trademe.co.nz/a/property/residential/rent/auckland/auckland-city/mount-albert/listing/3825038658?rsqid=5d1548720c824e04add64aa867d5dce0-001
Now,$520,"3/9 Ngauruhoe Street, Mount Eden, Auckland City",https://www.trademe.co.nz/a/property/residential/rent/auckland/auckland-city/mount-eden/listing/3824827728?rsqid=5d1548720c824e04add64aa867d5dce0-001
Now,$450," Connaught St, Blockhouse Bay, Auckland City",https://www.trademe.co.nz/a/property/residential/rent/auckland/auckland-city/blockhouse-bay/listing/3823043634?rsqid=5d1548720c824e04add64aa867d5dce0-001
Now,$460," Jamaica Place, Blockhouse Bay, Auckland City",https://www.trademe.co.nz/a/property/residential/rent/auckland/auckland-city/blockhouse-bay/listing/3819983156?rsqid=5d1548720c824e04add64aa867d5dce0-001
"Thu, 17 Nov",$550,"2/146 Halsey Drive, Lynfield, Auckland City",https://www.trademe.co.nz/a/property/residential/rent/auckland/auckland-city/lynfield/listing/3819941540?rsqid=5d1548720c824e04add64aa867d5dce0-001
Now,$480,"8/145 Bassett Road, Remuera, Auckland City",https://www.trademe.co.nz/a/property/residential/rent/auckland/auckland-city/remuera/listing/3858886985?rsqid=5d1548720c824e04add64aa867d5dce0-001
Now,$450,"28H Wilkinson Road , Ellerslie, Auckland City",https://www.trademe.co.nz/a/property/residential/rent/auckland/auckland-city/ellerslie/listing/3815498634?rsqid=5d1548720c824e04add64aa867d5dce0-001
Now,$510,"14/111 Melrose Road, Hillsborough, Auckland City",https://www.trademe.co.nz/a/property/residential/rent/auckland/auckland-city/hillsborough/listing/3813580287?rsqid=5d1548720c824e04add64aa867d5dce0-001
Now,$515,"3/92 Asquith Ave, Mount Albert, Auckland City",https://www.trademe.co.nz/a/property/residential/rent/auckland/auckland-city/mount-albert/listing/3810977737?rsqid=5d1548720c824e04add64aa867d5dce0-001
Now,$550,"3/444 Mount Eden Road, Mount Eden, Auckland City",https://www.trademe.co.nz/a/property/residential/rent/auckland/auckland-city/mount-eden/listing/3809137426?rsqid=24a66229f53a4bca945b704936c53c4e-001
Now,$420,"2/4 Wanganella Place, Lynfield, Auckland City",https://www.trademe.co.nz/a/property/residential/rent/auckland/auckland-city/lynfield/listing/3806567919?rsqid=24a66229f53a4bca945b704936c53c4e-001
Now,$490,"885b New North rd , Mount Albert, Auckland City",https://www.trademe.co.nz/a/property/residential/rent/auckland/auckland-city/mount-albert/listing/3835768995?rsqid=24a66229f53a4bca945b704936c53c4e-001
Now,$500,"4/15A Frost Road, Mount Roskill, Auckland City",https://www.trademe.co.nz/a/property/residential/rent/auckland/auckland-city/mount-roskill/listing/3802095910?rsqid=24a66229f53a4bca945b704936c53c4e-001
Now,$520,"1/11 View Road, Mount Eden, Auckland City",https://www.trademe.co.nz/a/property/residential/rent/auckland/auckland-city/mount-eden/listing/3801674739?rsqid=24a66229f53a4bca945b704936c53c4e-001
Now,$530,"2/249 Marua Road, Ellerslie, Auckland City",https://www.trademe.co.nz/a/property/residential/rent/auckland/auckland-city/ellerslie/listing/3800672266?rsqid=24a66229f53a4bca945b704936c53c4e-001
Now,$490,"5 Shirley Rd, Grey Lynn, Auckland City",https://www.trademe.co.nz/a/property/residential/rent/auckland/auckland-city/grey-lynn/listing/3800448954?rsqid=24a66229f53a4bca945b704936c53c4e-001
Now,$495,"2/237 Marua Road, Ellerslie, Auckland City",https://www.trademe.co.nz/a/property/residential/rent/auckland/auckland-city/ellerslie/listing/3799075766?rsqid=24a66229f53a4bca945b704936c53c4e-001
Now,$485,"3/5 Grant Street, Mount Albert, Auckland City",https://www.trademe.co.nz/a/property/residential/rent/auckland/auckland-city/mount-albert/listing/3798686093?rsqid=24a66229f53a4bca945b704936c53c4e-001
Now,$480,"22a volcanic st, Mount Eden, Auckland City",https://www.trademe.co.nz/a/property/residential/rent/auckland/auckland-city/mount-eden/listing/3797424998?rsqid=24a66229f53a4bca945b704936c53c4e-001
Now,$540,"18 Fairleigh Ave, Mount Albert, Auckland City",https://www.trademe.co.nz/a/property/residential/rent/auckland/auckland-city/mount-albert/listing/3793264745?rsqid=24a66229f53a4bca945b704936c53c4e-001
Now,$460,"4/14B Ballarat Street, Ellerslie, Auckland City",https://www.trademe.co.nz/a/property/residential/rent/auckland/auckland-city/ellerslie/listing/3784380815?rsqid=24a66229f53a4bca945b704936c53c4e-001
Now,$550,"18 Tennyson St, Mount Eden, Auckland City",https://www.trademe.co.nz/a/property/residential/rent/auckland/auckland-city/mount-eden/listing/3831701920?rsqid=24a66229f53a4bca945b704936c53c4e-001
Now,$520,"25 Busby St, Blockhouse Bay, Auckland City",https://www.trademe.co.nz/a/property/residential/rent/auckland/auckland-city/blockhouse-bay/listing/3781511359?rsqid=24a66229f53a4bca945b704936c53c4e-001
Now,$520,"2/15 Maclaurin Street, Blockhouse Bay, Auckland City",https://www.trademe.co.nz/a/property/residential/rent/auckland/auckland-city/blockhouse-bay/listing/3815431889?rsqid=24a66229f53a4bca945b704936c53c4e-001
Now,$500,"11A Raphoe Place, Ellerslie, Auckland City",https://www.trademe.co.nz/a/property/residential/rent/auckland/auckland-city/ellerslie/listing/3822484688?rsqid=24a66229f53a4bca945b704936c53c4e-001
Now,$540,"1/81A Balmoral Rd, Mount Eden, Auckland City",https://www.trademe.co.nz/a/property/residential/rent/auckland/auckland-city/mount-eden/listing/3774378710?rsqid=24a66229f53a4bca945b704936c53c4e-001
Now,$550,"Level 7C/176 Broadway, Newmarket, Auckland City",https://www.trademe.co.nz/a/property/residential/rent/auckland/auckland-city/newmarket/listing/3773039694?rsqid=24a66229f53a4bca945b704936c53c4e-001
Now,$495,"12/11 Tawera Road, Greenlane, Auckland City",https://www.trademe.co.nz/a/property/residential/rent/auckland/auckland-city/greenlane/listing/3768298985?rsqid=24a66229f53a4bca945b704936c53c4e-001
Now,$500,"1o/94 Dominion Road, Mount Eden, Auckland City",https://www.trademe.co.nz/a/property/residential/rent/auckland/auckland-city/mount-eden/listing/3779629464?rsqid=24a66229f53a4bca945b704936c53c4e-001
Now,$550,"3/53A Mount Saint John Avenue, Epsom, Auckland City",https://www.trademe.co.nz/a/property/residential/rent/auckland/auckland-city/epsom/listing/3750869209?rsqid=24a66229f53a4bca945b704936c53c4e-001
Now,$550,"39 Taylor Street, Blockhouse Bay, Auckland City",https://www.trademe.co.nz/a/property/residential/rent/auckland/auckland-city/blockhouse-bay/listing/3742614087?rsqid=24a66229f53a4bca945b704936c53c4e-001
Now,$530,"186A Manukau Road, Epsom, Auckland City",https://www.trademe.co.nz/a/property/residential/rent/auckland/auckland-city/epsom/listing/3725836802?rsqid=5681a655029240e4bd110359b273441c-001
Now,$550,"3/20 Morgan Street, Newmarket, Auckland City",https://www.trademe.co.nz/a/property/residential/rent/auckland/auckland-city/newmarket/listing/3713325272?rsqid=5681a655029240e4bd110359b273441c-001
Now,$430,"3/16 Shirley Road,, Grey Lynn, Auckland City",https://www.trademe.co.nz/a/property/residential/rent/auckland/auckland-city/grey-lynn/listing/3711800558?rsqid=5681a655029240e4bd110359b273441c-001
"Wed, 30 Nov",$510," Roseman Ave, Mount Roskill, Auckland City",https://www.trademe.co.nz/a/property/residential/rent/auckland/auckland-city/mount-roskill/listing/3685323391?rsqid=5681a655029240e4bd110359b273441c-001
Now,$480,"3/326 Mt Eden rd, Mount Eden, Auckland City",https://www.trademe.co.nz/a/property/residential/rent/auckland/auckland-city/mount-eden/listing/3808163678?rsqid=5681a655029240e4bd110359b273441c-001
Now,$525," St Lukes Rd, Mount Albert, Auckland City",https://www.trademe.co.nz/a/property/residential/rent/auckland/auckland-city/mount-albert/listing/3668284020?rsqid=5681a655029240e4bd110359b273441c-001
Now,$515,"43a Albrecht ave, Mount Roskill, Auckland City",https://www.trademe.co.nz/a/property/residential/rent/auckland/auckland-city/mount-roskill/listing/3851903598?rsqid=5681a655029240e4bd110359b273441c-001
Now,$500," Frederick street, Hillsborough, Auckland City",https://www.trademe.co.nz/a/property/residential/rent/auckland/auckland-city/hillsborough/listing/3842476850?rsqid=5681a655029240e4bd110359b273441c-001
Now,$530,"9/20 Ranier Avenue, Ellerslie, Auckland City",https://www.trademe.co.nz/a/property/residential/rent/auckland/auckland-city/ellerslie/listing/3840271839?rsqid=5681a655029240e4bd110359b273441c-001
Now,$510,"2/1135 Dominion Road, Mount Roskill, Auckland City",https://www.trademe.co.nz/a/property/residential/rent/auckland/auckland-city/mount-roskill/listing/3839166608?rsqid=5681a655029240e4bd110359b273441c-001
Now,$530,"186A Manukau Road, Newmarket, Auckland City",https://www.trademe.co.nz/a/property/residential/rent/auckland/auckland-city/newmarket/listing/2805639343?rsqid=5681a655029240e4bd110359b273441c-001
